example_id,source_sentence,reference_simplification,generated_simplification,generated_reconstruction
0,his next work saturday follows an especially eventful day in the life of a successful neurosurgeon.,his next work at saturday will be a successful neurosurgeon.,the first first first is a city of the united states of the united states of the united states of the united states of the united states of the united states of the united states of the united states,his next its use o an early music had in the two of a commune in.
1,the tarantula the trickster character spun a black cord and attaching it to the ball crawled away fast to the east pulling on the cord with all his strength.,the tarantuala the trickster spun a black chord and attached it to the ball crawling away fast to the east and pulling the chord with all his strength.,the first was the first first was a city of the first to the first to the first to the first and the first to the first to the united states,the next the great was still a result still and still it to the third old there more to the east still on the great with all his time.
2,there he died six weeks later on january.,he died six weeks later on january th.,he was a city of the first and was a large,there he also some have two on
3,they are culturally akin to the coastal peoples of papua new guinea.,their culture is similar to the culture of the coastal peoples of papua new guinea.,the first is the united states of the united states of the united states of the united states,they are form still to the same b of use new york
4,following the drummers are dancers who often play the sogo lrb a tiny drum that makes almost no sound rrb and tend to have more elaborate even acrobatic choreography.,the drummers are dancers and often play the sogo which they tend to have arcobatic choreography.,the first first first first first first first was a former a former brazilian,following the international are usually who also between the use lrb a member in. that george can no family rrb and has to have more club between his time.
5,the spacecraft consists of two main elements the nasa cassini orbiter named after the italian french astronomer giovanni domenico cassini and the esa huygens probe named after the dutch astronomer mathematician and physicist christiaan huygens.,the spacecraft is having two main parts. one is known as nasa cassini orbiter. it is named after giovanni domenico cassini an italian french astronomer. the other part is known as esa huygens probe. it is named after christiaan huygens. he was a dutch astronomer mathematician and physicist.,the first was the first of the first first time of the first and the first and the first and the first and the first and the first of the united states of the first and the first and the united states of the united states of the united states of the united states,the great part of two main n the commonwealth such such named after the italian french ford club such such and the great its by named after the old old when and bagh such in.
6,alessandro lrb sandro rrb mazzola lrb born november rrb is an italian former football player.,alessandro mazzola is an italian former football player.,the first is a former football player.,this lrb born rrb early lrb born november rrb is an italian former football rrb
7,it was originally thought that the debris thrown up by the collision filled in the smaller craters.,it was thought that the debris thrown up by the collision filled the smaller craters.,it was the first first first first was the first of the first was the first was the united states of the united states of the united states,it was was also that the great its up by the great its in the southern time.
8,graham attended wheaton college from to when he graduated with a ba in anthropology.,graham attended wheaton college from to and graduated with a ba in anthropology.,he also known as a small to be a former,anna pulau usually from from to when he february with a few in london.
9,he was also named sportsman of the year by sports illustrated.,sports illustrated named him sportsman of the year in.,the first was also of the first was the united states of the united states of the united states of the united states of the united states of the united states,he was also named u of the year by national area.
10,fives is a british sport believed to derive from the same origins as many racquet sports.,fives a british sport came from the same games as many racquet sports.,the is a city of the united states of the united states,this is a british so commonly to be from the same league as many years in.
11,for example king bhumibol was born on monday so on his birthday throughout thailand will be decorated with yellow color.,all over thailand the color yellow will be used to celebrate king bhumibal,he is a city of the united states of the united states,for may king his was born on january may on his team released his years be his with a
12,nevertheless tagore emulated numerous styles including craftwork from northern new ireland haida carvings from the west coast of canada lrb british columbia rrb and woodcuts by max pechstein.,tagore emulated various styles including craftwork from northern new ireland carvings from the west coast of canada and woodcuts by max pechstein neverthelessly,the first is a city of the united states of the united states of the united states of the united states,while this still by founded can use from the new river use his from the world championship of an lrb british systems rrb and his by america in.
13,she performed for president reagan in s great performances at the white house series which aired on the public broadcasting service.,she did a show for president reagan in s great performances at the white house series which was shown on television on the public broadcasting service.,the first was also in the first first first time in the first time in the first s was the first time in the first s s s s s s s s s was the first s s s s s s s s s was a new york,she used for president still in s three each at the two house series which six on the only major
14,perry saturn lrb with terri rrb defeated eddie guerrero lrb with chyna rrb to win the wwf european championship lrb rrb saturn pinned guerrero after a diving elbow drop.,perry saturn and terri defeated eddie guerrero and chyna to win the wwf european championship lrb rrb saturn pinned guerrero after a diving elbow drop.,the first is a former brazilian lrb born september rrb is a former brazilian football player.,this ndash lrb with its rrb may could still lrb with its rrb to form the same than which lrb rrb empire n usually after a use his time.
15,she remained in the united states until when she and her husband returned to france.,she stayed in the united states until then she and her husband went to france.,it is found in the region picardie in the north of the north of france.,she district in the united states during when she and her husband only to france.
16,he also completed two collections of short stories entitled the ribbajack other curious yarns and seven strange and ghostly tales.,he also completed two collections of short storeis. the one title was the ribbajack other curious yarns. the other one was titled as seven strange and ghostly tales.,the first is a city of the united states of the united states and the united states and the united states,he also completed two music of lrb german obtained the use other use use and seven music and music in.
17,at the voyager images ophelia appears as an elongated object the major axis pointing towards uranus.,at the voyager pictures ophelia appears as a stretched object. a stretched object was the major axis. it pointing towards uranus.,the first first first first first first was a large on the first was the first time in the first time the first time the first time the first s was a large,at the next two still features as an old she the major still still him march.
18,the british decided to eliminate him and take the land by force.,the british decided to put an end to him and take the land by force.,the first to the first and the first and the first and the first and the united states and the united states of the united states,the british settlement to her would and have the was by to.
19,some towns on the eyre highway in the south east corner of western australia between the south australian border almost as far as caiguna do not follow official western australian time.,there are some towns in western australia that do not follow official western australian time.,the first first first first first is a city of the united states of the united states of the united states of the united states,some ndash on the use which in the south east point of western when between the south people department under as an as its
20,in architectural decoration small pieces of colored and iridescent shell have been used to create mosaics and inlays which have been used to decorate walls furniture and boxes.,small pieces of colored and shiny shell has been used to decorate walls furniture and boxes.,in the first time of the first and was a new york to be made by the united states and the united states of the united states and the united states and the united states and the united states and the united states and the united states and the united states and the united states,in honor county small club of music and still which have been used to create still and his which have been used to her features was and construction.
21,the other incorporated cities on the palos verdes peninsula include rancho palos verdes rolling hills estates and rolling hills.,rancho palos verdes rolling hills estates and rolling hills are three cities on the palos verdes peninsula.,the first first first first first first first first first first first first first first s was a large,the other county features on the use still still include still still still still where still and his time.
22,fearing that drek will destroy the galaxy clank asks ratchet to help him find the famous superhero captain qwark in an effort to stop drek.,clank asks ratchet to help him find the famous superhero captain qwark because he is afraid that drek will try to destroy the galaxy and wants to stop him.,the first first first first first first first first first was a large,this that there while where the use still rna still to be would used the famous back first still in an american to british in.
23,he advocates applying a user centered design process in product development cycles and also works towards popularizing interaction design as a mainstream discipline.,he favors product development cycles that features an easy to use design process and works towards bringing interaction design into mainstream popuarity.,he was a former a former brazilian in the united states of the united states of the united states of the united states,he still his a member music not no in southern or act and also became usually use empire not as a commune in.
24,it is theoretically possible that the other editors who may have reported you and the administrator who blocked you are part of a conspiracy against someone half a world away they ve never met in person.,it is possible that the other editors who may have reported you is a part of the conspiracy. similarly the administrator who blocked you may also be a part of the conspiracy. the conspiracy is against someone they have not met in prison.,it is found in the region picardie in the united states of the united states of the united states of the united states of the united states of the united states of the united states,it is music time that the other like who may have used you and the use who sur war are part of a use and most would a world d they still number department in london.
25,working group i assesses scientific aspects of the climate system and climate change.,working group i makes note of climate system and climate change,it is the united states of the united states of the united states of the united states of france.,ndash group i early alexander based of the island that and former in.
26,formal minor planet designations are number name combinations overseen by the minor planet center a branch of the iau.,formal minor planet designations are number name combinations overseen by the minor planet center.,the first is a city of the united states of the united states of the united states of the united states of the united states of the united states of the united states of the united states of the united states of the united states of the united states of the united states,february based de ndash are number name district based by the th player town a few of the states.
27,as a result although many mosques will not enforce violations both men and women when attending a mosque must adhere to these guidelines.,although many mosques will not enforce rules both men and women when there must follow these rules,a first is a small can be a small,as a small although many music while not music his any at and an when during a few would still to his time.
28,mariel of redwall is a fantasy novel by brian jacques published in.,mariel of redwall is a fiction novel in the category of fantasy by author brian jacques published in.,the first is a city of the united states of the united states of the united states,this of use is a series with by two use as in.
29,ryan prosser lrb born july rrb is a professional rugby union player for bristol rugby in the guinness premiership.,ryan prosser who was born on july is a professional rugby union player he has played for briston rugby in the guinness premiership.,it is found in the region picardie in the region picardie in the united states.,this international lrb born july rrb is a professional football team football for use o in the use series.
30,like previous assessment reports it consists of four reports three of them from its working groups.,the assessment report contiains four reports just like previous reports and three of them are from working groups.,the first was a city of the united states of the united states of the united states of the united states of the united states of the united states of the united states of the united states,like like river old it would of four old three of them from its british series.
31,this stamp remained the standard letter stamp for the remainder of victoria s reign and vast quantities were printed.,this stamp stayed the standard letter stamp for the rest of victoria s reign and many were printed.,the first is the first of the united states of the united states of the united states of the united states of the united states,this still district the great s old for the same of central s major and
32,the international fight league was an american mixed martial arts lrb mma rrb promotion billed as the world s first mma league.,the world s first mma league was the international fight league and american mixed martial arts.,the first is a city of the united states of the united states of the united states,the international department league was an american southern way which lrb born rrb film still as the world s first still
33,giardia lamblia lrb synonymous with lamblia intestinalis and giardia duodenalis rrb is a flagellated protozoan parasite that colonises and reproduces in the small intestine causing giardiasis.,giardia lamblia is a flagellated protozoan parasite that colonises and reproduces in the small intestine causing giardiasis.,the first is a city of the united states of the united states of the united states,his international lrb his with its use and his father rrb is a use his use that still and his in the largest river very series.
34,this was the area east of the mouth of the vistula river later sometimes called prussia proper.,this area which later was sometimes called prussia proper was east of the place where the vistula river begins.,the first was the first of the united states of the united states of the united states of the united states of the united states of the united states of the united states of the united states,this was the area east of the same of the great river two town called see of
35,after graduation he returned to yerevan to teach at the local conservatory and later he was appointed artistic director of the armenian philarmonic orchestra.,fter graduation he came back to yerevan to teach at the local conservatory and then he was appointed artistic director of the armenian philarmonic orchestra.,the first was also to the first to the first and the first and was a large,after war he only to her to several at the first years and two he was very two well of the great several them.
36,weelkes was later to find himself in trouble with the chichester cathedral authorities for his heavy drinking and immoderate behaviour.,weelkes later found himself in trouble with the chichester cathedral authorities for his heavy drinking and immoderate behavior.,the first was also to be in the first and the first and the first and the first and the first was a large,still was also to no seven in his with the old club on for his two music and his time.
37,he is also a member of another jungiery boyband club.,he is also a member of club which is another jungiery boyband.,it is a city of the united states of the united states of the united states,he is also a member of england use use in.
38,the apostolic tradition attributed to the theologian hippolytus attests the singing of hallel psalms with alleluia as the refrain in early christian agape feasts.,the apostolic tradition connected to the scientist hippolytus who is an expert in theology starts the singing of hallel psalms with alleluia as the repeated line in early christian lovable and wonderful festivals.,the first first first was the first first first first was the first of the first s was the first s was the first of the first s was the first of the first,the entire very team to the great its use the great of its use with its as the great in early lrb river in.
39,it was the first asteroid to be discovered by a spacecraft.,it was the first asteroid discovered by a spacecraft.,it was the first to the first of the united states of the united states of the united states of the united states,it was the first like to be part by a few
40,it continues as the bohemian switzerland in the czech republic.,it is still called as the bohemian switzerland in the czech republic.,it is the region picardie in the north of the north of the north of the north of the north of the north of the north of the north,it after as the great major in the final in.
41,this leads to consumer confusion when lrb rrb bytes is referenced as mb lrb megabyte rrb instead of mib.,the consumer gets confused when bytes is called mb instead of mib.,the first is a city of the united states of the united states of the united states of the united states,this is to early made when lrb rrb still is music as a lrb born rrb february of to.
42,the incident has been the subject of numerous reports as to ethics in scholarship.,the incident has been the subject of numerous reports regarding scholarship ethics.,the first is the united states of the united states of the united states,the next has been the southern of only still as to use in london.
43,they are castrated so that the animal may be more docile or may put on weight more quickly.,they are castrated so that the animal is docile or may put on weight quickly.,the first first is the united states of the united states,they are his may that the southern may be more usually or may up on february more city.
44,seventh sons have strong knacks lrb specific magical abilities rrb and seventh sons of seventh sons are both extraordinarily rare and powerful.,seventh sons have strong knacks lrb specific magical abilities rrb and he is extraordinarily rare and powerful.,the first first first lrb born september rrb is a former brazilian football player.,this usually have early his lrb august still usually rrb and this would of this music are an use went and construction.
45,benchmarking conducted by passmark software highlights the version s second install time second scan time and mb memory utilization.,passmark software tested standards of version and the highlights are second install time second scan time and mb memory utilization.,the first was also known as the first and the first and the first and the united states,this features by his and anna the death s second use time between his time and many including march.
46,if there are no strong land use controls buildings are built along a bypass converting it into an ordinary town road and the bypass may eventually become as congested as the local streets it was intended to avoid.,if there are no strong land use controls the bypass as a result may become congested. this is because buildings are built along a bypass converting it into an ordinary town road. the byepass is intended to avoid such congestion.,the first was a city of the first time in the first time it was a large,if there are no strong was use still while are built along a use still it into an old which were and the use may under his as music as the first march it was can to to.
47,it is also a starting point for people wanting to explore cooktown cape york peninsula and the atherton tableland.,it is a starting point for people wanting to explore cooktown cape york peninsula and atherton tableland.,it is a commune. it is found in the united states.,it is also a japanese into for people them to use use
48,bruises often induce pain but are not normally dangerous.,bruises often hurt but are not normally dangerous.,the first first first first is a former,his often his use but are not she language.
49,tickets can be retailed for national rail services the docklands light railway and on oyster card.,tickets can be retailed for national rail services and the docklands light railway on oyster card.,the first first is a city of the united states of the united states,his can be his for national george town the use during two and on his season.
50,the historical method comprises the techniques and guidelines by which historians use primary sources and other evidence to research and then to write history.,in writing history there is a method called the historical method which uses primary sources and other evidence to research the historical events.,the first first first was the first and the first and the first and the first and the united states of the first and the united states of the united states and the united states,the great while years the two and still by which still use which series and other where to she and then to her time.
51,the sheer weight of the continental icecap sitting on top of lake vostok is believed to contribute to the high oxygen concentration.,the lake vostok has a very large weight of the continental icecap on its waters. the high oxygen concentration of the lake water may because of this icecap.,the first is the united states of the united states of the united states of the united states of the united states,the next very of the great old there on july of great its is an to london to the two use time.
52,aliteracy lrb sometimes spelled alliteracy rrb is the state of being able to read but being uninterested in doing so.,aliteracy is being able to read but uninterested in read.,it is found in the region picardie in the region picardie in the north of france.,this lrb born december still rrb is the state of its gironde to be but its use in northwestern france.
53,mifepristone is a synthetic steroid compound used as a pharmaceutical.,pharmaceutical has used a mifepristone is a synthetic steroid,it is a commune. it is a commune. it is a commune. it is a commune. it is found in the region basse normandie in the united states.,this is a use use can used as a child.
54,shortly after attaining category status the outer convection of the hurricane became ragged.,shortly after reaching category status the outer convection of the hurricane became worn out,the first first first first first first was the first s was the first of the united states of the united states of the united states of the united states of the united states of the united states of the united states of the united states of the united states,anna after several and became the only she of the third became in.
55,the equilibrium price for a certain type of labor is the wage.,the balanced price for any kind of labor is called a wage.,the first is a city of the united states of the united states of the united states of the united states of the united states of the united states of the united states,the next department for a commune department of aisne is the region.
56,convinced that the grounds were haunted they decided to publish their findings in a book an adventure lrb rrb under the pseudonyms of elizabeth morison and frances lamont.,the authors using pseudonyms elizabeth morison and frances lamont published the book an adventure in written about particular hauntings.,the first was the first first first first was a city of the first and the united states of the united states of the united states of the united states,this that the s were music they if to go their county in a since an american lrb rrb are the use of these still and music river.
57,he left a detachment of troops to garrison the newly conquered region.,he left troops to garrison the newly conquered region.,the first is a city of the united states of the united states,he also a member of england to use the only would in.
58,the depression moved inland on the th as a circulation devoid of convection and dissipated the next day over brazil where it caused heavy rains and flooding.,on th depression moved inland as convection less circulation and after weakening over brazil it caused heavy rains and flooding.,the first first first first first first first first first was a city of the first s was a city of the united states and the first and the united states of the united states of the united states of the united states of the united states of the united states,the next major george on the th as a few such of both and m the next had over there where it six also still and construction.
59,the characters are foul mouthed extensions of their earlier characters pete and dud.,the characters speak bad language of their earlier characters pete and dud,the first first first first was a city of the first and the united states,the university are music still river of their may company several and kerala.
60,in culver ran for iowa secretary of state and was victorious.,in culver successfully ran for iowa secretary of state.,in the first was a city of the united states of the united states of the united states of france.,in its since for london who of state and was march.
61,in mark messier took the hart over ray bourque by a margin of two votes the difference being a single first place vote.,in mark messier took hart over ray bourque by two votes the difference being a first place vote.,in the first first first first first first first was a city of the united states of the united states of the united states of the united states of the united states of the united states of the united states of the united states,in three still most the next over district music by a member of two which the third being a few first was programs.
62,shade sets the main plot of the novel in motion when he impetuously defies that law and inadvertently initiates a chain of events that leads to the destruction of his colony s home forcing their premature migration and his separation from them.,the main plot of the novel is when shade defies the law and sets off a chain of events that lead to the destuction of his colony s home and becoming separated from them.,the first was the first of the first of the first and the first time of the first and the first of the first and the first of the first and the united states of the united states of the first and the united states of the united states of the united states of the united states of the united states of the united states of the united states of the united states of the united states of the united states of the united states of the united states,like can the main family of the university in part when he would still that after and his old a member of st that there to the same of his part s home still their use such and his team from london
63,the amazon basin is the part of south america drained by the amazon river and its tributaries.,the amazon basin is the part of south america drained by the amazon river and those who pay tribute to it.,the first is the united states of the united states of the united states and the united states of the united states of the united states of the united states,the great r. is the part of south and still by the great river and its time.
64,the two former presidents were later separately charged with mutiny and treason for their roles in the coup and the gwangju massacre.,the two former presidents were later charged each on their own with mutiny and treason for their roles in the coup and the gwangju massacre.,the first first first was also known as the first and the first was a city of the first and the first and the first and the first and the first and the united states,the two former still were two two music with third and still for their d in the next and the use time.
65,moderate to severe damage extended up the atlantic coastline and as far inland as west virginia.,there was moderate to severe damage all the way up the atlantic coastline and as far inland as west virginia.,the first is the first s s s s s s s s s s s s s s s s s s s s s s s s s s s s s s s s s s s s s s s s s s s s s s s s s s s s s s s s s s s s s s s s s s s s s s s s s s s s s s s s s s s s s s s s s s s s s s s s s s s s s s s s s s s s s s s s s s s s s s s s s s s s s s s s s s s s s s s s s s s s s s s s s s s s s s s s s s s s s s s s s s s s s s s s s s s s s s s s s s s s s s s s s s s s s s s s s s s s s s s s s s s s s s s s s s s s s s s s s s s s s s s s s s s s s s s s s s s s s s s s s s s s s s s s s s,breadalbane to go was not up the great ended and as an old as their
66,because the owner tends to be unaware these computers are metaphorically compared to zombies.,these computers are metaphorically compared to zombies as the owner was not concious about it,the first was a small to the first to the first to the first to the united states,because the third old to be music his home are music also to london
67,for example the stylebook of the associated press is updated annually.,the stylebook of the associated press is updated yearly.,the is the united states of the united states of the united states of the united states of the united states,for large the th of the largest river is use in.
68,the four canonical texts are the gospel of matthew gospel of mark gospel of luke and gospel of john probably written between ad and lrb see also the gospel according to the hebrews rrb.,gospels matthew mark luke and john were most likey written after christ,the first was also the first of the first of the united states of the united states of the united states of the united states of the united states of the united states of the united states of the united states of the united states of the united states of the united states of the united states of the united states of the united states of the united states of the united states of the united states,the four district would are the which of music which of london which of australia and which of john old into between main and lrb see also the which were to the great rrb.
69,development stable releases are rare but there are often subversion snapshots which are stable enough to use.,development stable releases are rare but there are often subversion snapshots lrb an informal photograph taken quickly rrb which are stable enough to use.,he also a small are not a former brazilian and also called the united states,ndash ndash between are called but there are often his use which are also ii to use.
70,cogeneration lrb also combined heat and power chp rrb is the use of a heat engine or a power station to simultaneously generate both electricity and useful heat.,cogeneration is a combination of heart and power to simultaneously generate both electricity and useful heat.,the first is a city of the united states of the united states of the united states of the united states of the united states and a former,his lrb also or not and james usually rrb is the use of a small two or a small team to no music both rrb. and parliament in.
71,on occasion the male den master will also allow a second male into the den the reason for this is unclear.,on opportunity the male den master will let a second male inside of the den the basis for this is poorly explained.,the first is the first first first first first first first first first first first first was the united states,on its the national would name while also two a second group into the use the next for this is to.
72,below are some useful links to facilitate your involvement.,below are some useful links to help your involvement.,the first was a small to be made by the united states,it are some won an to use on march.
73,he served as the prime minister of egypt between and and again from and.,he served as prime minster of egypt from and as well as from through.,the first and is the united states of the united states and the united states and the united states of the united states and the united states and the united states of the united states and the united states and the united states and the united states and the united states,he also as the early of of her between and and no from to.
74,she was left behind lrb explanations for this vary rrb when the rest of the nicole os were moved to the mainland.,people have different thinking about why she was left behind when the nicolenos were moved to the main part of the country.,the first was also the first was the first of the first of the first was the first was the first of the first of the first,she was two m lrb still for this to rrb when the team of the great number were to to the region.
75,chauvin was embarrassed to receive his award and initially indicated that he may not accept it.,chauvin was embarrassed to get his award and at first said that he may not accept it.,he was also to the first and the first and the first and a large,his was still to some his series and or his that he may not his
76,later esperanto speakers began to see the language and the culture that had grown up around it as ends in themselves even if esperanto is never adopted by the united nations or other international organizations.,later esperanto speakers started to see the language and culture that had grown up around it as ends in themselves though esperanto is never accepted by the united nations of other international organizations.,the first was also to the first and the first and the united states of the united states of the united states of the united states of the united states,when since binh began to have the language and the university that had music up first it as well in about from if since is well where by the united states or other international
77,dry air wrapping around the southern periphery of the cyclone eroded most of the deep convection by early on september.,early september dry air wrapping around the southern area of the cyclone caused most of the heat to leave.,the first first is the first of the united states of the united states of the united states of the united states of the united states of the united states of the united states of the united states of the united states,district its use first the southern includes of the next alice most of the same church by early on its
78,a few animals have chromatic response changing color in changing environments either seasonally lrb ermine snowshoe hare rrb or far more rapidly with chromatophores in their integument lrb the cephalopod family rrb.,some animals change color when their environments change a process called chromatic response either seasonally as with ermine and snowshoe hare or far more rapidly with chromoa tophonres in theri integument lrb the cephalapod family. rrb ,a first is a city of the united states of the united states of the united states of the united states of the united states,a few had have music where striker can in northwestern use including music lrb august his use rrb or october more home with music in their use lrb the basse family rrb.
79,this closely resembles the unix philosophy of having multiple programs each doing one thing well and working together over universal interfaces.,this looks like the unix idea of having several programs with each doing one thing and working together.,the first first was the first of the first time of the first time of the first time,this two music the th march of area would name each major one religious well and mr. can over no time.
80,he came from a musical family his mother larue was an administrative assistant and singer and his father keith brion was a band director at yale.,his was a musical family as his mother larue was a secretary and singer while his father keith brion was a band director at yale.,he was a city of the first time of the first time in the first time in the united states of a former,he on from a small family his first music was an number not and roman and his father major music was a german like at in.
81,the largest populations of mennonites are in canada democratic republic of congo and the united states but mennonites can also be found in tight knit communities in at least countries on six continents or scattered amongst the populace of those countries.,the largest populations of mennonites are in canada democratic republic of congo and the united states. mennonites also live in close communities in at least countries on six continents or scattered throughout the populations of those countries.,the first is a city in the united states of the united states of the united states of the united states of the united states of the united states of the united states,the largest end of music are in an london some of china and the united states but still can also be found in use use to in at her de on some member or high of. the great of england in.
82,acanthopholis s armour consisted of oval plates set almost horizontally into the skin with spikes protruding from the neck and shoulder area along the spine.,acanthopholis s armour was made up of oval plates that were put into the skin lengthwise and had spikes that jutted out from the neck and shoulder area across the spine.,the first first was the first first first first first s was the first and the first of the first s s s s s s s s s s s s s s s s s s s s s s s s s s s s s s s s s s s s s s s s s s s s s s s s s s s s s s s s s s s s s s s s s s s s s s s s s s s s s s s s s s s s s s s s s s s s s s s s s s s s s s s s s s s s s s s s s s s s s s s s s s s s s s s s s s s s s s s s s s s s s s s s s s s s s s s s s s s s s s s s s s s s s s s s s s s s s s s s s s s s s s s s s s s s s s s s s s s s s s s s s s s s s s s s s s s s s s s s s s s s s s s s s s s s s s s s s s s,this s old with of his old area under several into the th with its use from the great and between area along the region.
83,conversely bills proposed by the law commission and consolidation bills start in the house of lords.,the bills proposed by the law commission and consolidation bills start in the house of lords contrarily.,the first was the first of the first and the united states of the united states of the united states of the united states of the united states,this had rose by the great its and still day used in the town of goulburn
84,reflection nebulae are usually blue because the scattering is more efficient for blue light than red lrb this is the same scattering process that gives us blue skies and red sunsets rrb.,reflection nebulae are commonly blue because the scattering is more powerful for blue light than red lrb this is the same reason for the sky appears in blue and the sunset in red colors,the first is a city of the united states of the united states of the united states,between this are usually can major the early is more where for music during than but lrb this is the same can well that ndash any including music and world use rrb.
85,macgruber starts asking for simple objects to make something to defuse the bomb but he is later distracted by something lrb usually involving his personal life rrb that makes him run out of time.,macgruber asked for many items to help shut the bomb off but he was distracted and ran out of time.,the first is a city of the united states of the united states of the united states of the united states of the united states,this no still for both up to her district to his the use but he is also still by southern lrb music just his father also rrb that george him video out of
86,the pad called for the resignation of the governments of thaksin shinawatra samak sundaravej and somchai wongsawat whom the pad accused of being proxies for thaksin.,the pad called for thakin shinaatra samak sundaravej and somchai to step down as government leaders because the pad considered them to be used by thaksin.,the first is the first of the united states of the united states of the united states of the united states of the united states of the united states of the united states of the united states,the use called for the same of the great of use river use use and still river an the use features of its main for america
87,while at kahn he was chief architect for the fisher building in.,he was a chief architect fot fisher building in when he was at kahn,the first was a city of the united states of the united states,while at still he was october player for the great b in.
88,he excuses himself because he has to leave for rehearsal and he and dr. sch n leave.,he excuses himself because he has to leave for rehearsal dr.dr. sch n leave,he was a new york and also to be made by the united states and the united states,he would seven because he has to be for music and he and about would as to.
89,the sheppard line currently has fewer users than the other two subway lines and shorter trains are run.,the sheppard line not only has fewer users than the other two subway lines it also runs shorter trains.,the first first is the first s s s s s s s s s s s s s s s s s s s s s s s s s s s s s s s s s s s s s s s s s s s s s s s s s s s s s s s s s s s s s s s s s s s s s s s s s s s s s s s s s s s s s s s s s s s s s s s s s s s s s s s s s s s s s s s s s s s s s s s s s s s s s s s s s s s s s s s s s s s s s s s s s s s s s s s s s s s s s s s s s s s s s s s s s s s s s s s s s s s s s s s s s s s s s s s s s s s s s s s s s s s s s s s s s s s s s s s s s s s s s s s s s s s s s s s s s s s s s s s s s s s s s s s s s,the old used may has was released than the other two music near and an club are to.
90,it has a capacity of making it the largest stadium in europe and the eleventh largest in the world.,it can seat. which makes it the largest stadium in europe and the eleventh largest in the world.,it is a city of the united states in the united states of the united states in the united states of the united states of the united states of the united states,it has a major of world it the largest while in southern and the next largest in the town
91,in december ten boom was honored as one of the righteous among the nations by the state of israel.,in december ten boon was honored as part of the righteous amoung the nations by the state of israel.,in the first was the first of the united states of the united states of the united states of the united states of the united states of the united states of the united states of the united states of the united states of the united states of the united states of the united states,in december she still was still as one of the same forces the southern by the state of goulburn
92,terms such as undies for underwear and movie for moving picture are oft heard terms in english.,words like undies movie are oft heard terms in english.,he also known as a former and also known as a former brazilian,anna such as music for pulau and then for no music are could can use in to.
93,jurisdiction draws its substance from public international law conflict of laws constitutional law and the powers of the executive and legislative branches of government to allocate resources to best serve the needs of its native society.,power moves towards its material from community national boundaries opposition of laws organizational law and ability of the administrative and creative offshoots of government to assign support to best serve the needs of its native society.,the first was also known as the first of the first and the first and the united states of the united states of the united states of the united states of the united states of the united states of the united states of the united states of the united states of the united states of the united states of the united states,this such its two from her international after march of china s three and the southern of the war and music governor of its to her would to best old the third of its
94,despite this farrenc was paid less than her male counterparts for nearly a decade.,even so farrenc was paid less than her male peers for nearly years.,the first was also was a city of the first was a large,which this still was found two than her national music for music a child.
95,gumbasia was created in a style vorkapich taught called kinesthetic film principles.,vorkapich taught gumbasia in a style called kinesthetic film principles.,it was found in the region picardie in the united states.,this was two in a member would named called music film area.
96,the lawyer brandon lrb waise lee rrb became his idol and mk sun grew up to be a lawyer.,the lawyer brandon lrb waise lee rrb was his idol as mk sun grew up to be a lawyer.,the first lrb born september rrb is a former italian football player.,the sarthe r. lrb born may rrb became his team and music include who up to be a child.
97,military career donaldson enlisted in the australian army on june.,donaldson inlisted in australia s army on june to start his military career.,he also in the first first first s s s s s s s s s s s s s s s s s s s s s s s s s s s s s s s s s s s s s s s s s s s s s s s s s s s s s s s s s s s s s s s s s s s s s s s s s s s s s s s s s s s s s s s s s s s s s s s s s s s s s s s s s s s s s s s s s s s s s s s s s s s s s s s s s s s s s s s s s s s s s s s s s s s s s s s s s s s s s s s s s s s s s s s s s s s s s s s s s s s s s s s s s s s s s s s s s s s s s s s s s s s s s s s s s s s s s s s s s s s s s s s s s s s s s s s s s s s s s s s s s s s s s s s s,as career previously still in the first of on in.
98,the kindle features level grayscale display improved battery life percent faster page refreshing a text to speech option to read the text aloud and overall thickness reduced from. to. inches lrb. millimeters rrb.,the kindle features grayscale display improved battery life and overall thickness reduced.,the first first first first first first first was a large,the same include can his father just music also still established group still a few to a group to become the great its and her southern music district between bud while music rrb.
99,yoghurt or yogurt is a dairy product produced by bacterial fermentation of milk.,yoghurt or yogurt is a milk based food made by bacterial fermentation of milk.,it is a commune. it is found in the region basse normandie in the united states.,use or use is a use district produced by use n of london.
100,seventy five defencemen are in the hall of fame more than any other current position while only goaltenders have been inducted.,out of seventy five defencemen in the hall of fame only goaltenders have been inducted.,the first first first first first was a city of the first time in the first s s was a new york of the first time in the first and the first and the first and the first and the united states of the first and the united states of the united states of the united states of the united states in the united states,rodney all there are in the german of their more than any other american after while only still have been march.
101,alternative views on the subject have been proposed throughout the centuries lrb see below rrb but all were rejected by mainstream christian bodies.,different views on the subject have been brought up over the centuries lrb see below rrb but all were rejected by mainstream christian bodies ,the first first first first first first first first was a former brazilian,while based on the southern have been rose released the national lrb see would rrb but all were just by no lrb america
102,the album however was banned from many record stores nationwide.,the album is banned from many record stores nationwide.,the first was was the first and the first s s s was the first was the first and the first and the united states of the united states,the england however was replaced from many two replaced march.
103,the company opened twice as many canadian outlets as mcdonald s wendy s confirms tim hortons ipo by march ottawa business journal december and system wide sales also surpassed those of mcdonald s canadian operations as of.,the company opened two times as many restaurants in canada as mcdonald s wendy s confirms tim hortons ipo by march ottawa business journal december and sales throughout the company were also greater than those of mcdonald s canadian business as of.,the first first first first first first first first first first s was a city of the first time in the first time in the first time in the united states of the united states of the united states of the united states of the united states and the united states of the united states of the united states and the united states of the united states and the united states,the company was also as many lrb such as music s old s old ii music still by march than as well december and system well very also his s of music s lrb replaced as to.
104,he won the presidential election held on march with. of the popular vote.,he conquered the presidential poll on march with. of the popular vote.,the first first first first first first first was a city of the united states of the united states of the united states,he won the australian club that on march old of the royal area.
105,in she was the only female entertainer allowed to perform in saudi arabia.,as a female entertainer she alone was allowed to perform in saudi arabia during ,in the first was the first was a city in the first in the north of the north of france.,in she was the only some only before to her in northwestern series.
106,offenbach s numerous operettas such as orpheus in the underworld and la belle h l ne were extremely popular in both france and the english speaking world during the s and s.,offenbach s a great number of operettas such as orpheus in the underworld and la beautiful woman helene were greatly pleasing to all in both france and the english talking earth during the s and s,the first first first first first first first first s was the first s s s s s s s s s s s s s s s s s s s s s s s s s s s s s s s s s s s s s s s s s s s s s s s s s s s s s s s s s s s s s s s s s s s s s s s s s s s s s s s s s s s s s s s s s s s s s s s s s s s s s s s s s s s s s s s s s s s s s s s s s s s s s s s s s s s s s s s s s s s s s s s s s s s s s s s s s s s s s s s s s s s s s s s s s s s s s s s s s s s s s s s s s s s s s s s s s s s s s s s s s s s s s s s s s s s s s s s s s s s s s s s s s s s s s s s s s s s s s s s s s s,this s while still such as music in the first and de to his two sur were no video in both france and the english up world during the s and in.
107,roof tiles dating back to the tang dynasty with this symbol have been found west of the ancient city of chang an lrb modern day xian rrb.,roof tiles during tang dynasty with this symbol have been found west of the ancient city of chang an or modern day xian.,it is the first of the united states of the united states of the united states of the united states of the united states,united states district lrb to the use no with this club have been found their of the to city of music an lrb main had use rrb.
108,by most accounts the instrument was nearly impossible to control.,it was nearly impossible to control the instrument by most accounts.,the first first was the first was also to the first was the first and the united states of the united states,by most not the southern was not was to
109,characteristics radar observations indicate a fairly pure iron nickel composition.,radar testing shows composition of mostly iron nickel.,the first first is a city of the united states,his use came county a use his river use in.
110,lo che harbours the installations of onyx the swiss interception system for electronic intelligence gathering.,lo che harbours of onyx is the swiss interception system for electronic intelligence gathering.,the first first was the first of the first first was the first time of the united states of the united states of the united states of the united states,his use his the use of his the largest river system for two game in.
111,a matchbook is a small cardboard folder lrb matchcover rrb enclosing a quantity of matches and having a coarse striking surface on the exterior.,a matchbook is a small cardboard folder lrb or matchcover rrb that holds some matches and has a rough area on the outside.,a city is a city of the united states of the united states of the united states of the united states of the united states,a member is a small river use lrb use rrb between a between of its and area a use
112,she was among the first doctors to object to cigarette smoking around children and drug use in pregnant women.,she was one of the first doctors that said cigarette smoking near children and drug use in pregnant women was not safe.,the first was the first was also to the first to the first was a city of the first to the first to the first to the first to the first and the united states of the united states of the united states,she was founded the first john to she to her only not children and his use in southwestern of
113,defiantly she vowed to never renounce the commune and dared the judges to sentence her to death.,she refused to give up the commune and prefered the death sentence,the first is the first of the united states of the united states to the united states,this she usually to well use the calvados and still the great to her her to london
114,oel manga series graystripe s trilogy there is a three volume original english language manga series following graystripe between the time that he was taken by twolegs in dawn until he returned to thunderclan in the sight.,oel manga occuring in sequence graystripe s trilogy. there s a three quantity volume earliest english language manga series following graystripe linking the time that it was accepted by twolegs in dawn up until he came back to thunderclan in the sight.,the first was a city of the first was a city of the first in the first and the united states of the first and the first time in the united states of the united states of the united states of the united states of the first and the united states,this while series his s fifth there is a three middle after english language years series first his between the time that he was club by his in picardy during he only to her in the hume
115,samovar porter lrb rrb p. syrians did not congregate in urban enclaves many of the immigrants who had worked as peddlers were able to interact with americans on a daily basis.,samovar porter lrb rrb p. syrians did not get together in city groups many of the immigrants who had worked as sellers on the street were able to talk with americans every day.,the first was a city of the first time in the united states of the united states of the united states of the united states of the united states,this no lrb rrb have music some not his in southern his many of the gironde who had also as music were parliament to be with won on a retired france.
116,he was also famous for his prints book covers posters and garden metalwork furniture.,he is famous for prints book covers posters and garden metalwork furniture.,he was a former for the first time in the first time,he was also also for his father since war still and she still in.
117,during childhood she suffered from collapsed lungs twice she had pneumonia times a year a ruptured appendix and had a tonsillar cyst.,for two times she had lung disorder when she was a child. she was also suffered from pneumonia to times a year. she was also affected by appendix disorder and had a tonsillar cyst. all these happened during her childhood period.,the first first first was a small are not a former a former a former brazilian,during while she ndash from like several lrb she had music for a year a few march and had a use to.
118,small value inductors can also be built on integrated circuits using the same processes that are used to make transistors.,both small value inductors and transistors can be built on integrated circuits.,the first first was a city of the first and the united states of the united states to be made to be made to be made to be a large,ndash there still can also be he on its use which the same and that are used to her time.
119,no skater has yet accomplished a quadruple axel in competition.,quadruple axel at a competition is yet to be fulfilled by any skater,it is a commune. it is a commune. it is found in the region picardie in the united states.,no his has not his a use his in to.
120,from the telephone exchange the port jackson district commandant could communicate with all military installations on the harbour.,by use of the telephone exchange the port jackson district commandant could talk to all military installations on the harbour.,the first first first first first first first was the first was the first s was the first s was the first was the first and the first of the first,from the next still the only club district still was still with all as its on the region.
121,however even to those who enter the prayer hall of a mosque without the intention of praying there are still rules that apply.,however even to those who enter the prayer hall of a mosque without the purpose of praying there are some rules applicable to them.,the first is a city of the united states of the united states of the united states of the united states of the united states of the united states of the united states of the united states,however between to s who between the great who of a few than the same of between there are still family that series.
122,it is described as pointed in the face and about the size of a rabbit.,it is about the size of a rabbit and has a pointed face.,it is found in the region picardie in the united states.,it is not as part in the southern and about the u.s. of a child.
123,human skin hues can range from very dark brown to very pale pink.,the colors of human skin can be very dark brown or very pale pink or anywhere in between.,she was a small can be a large to be a large,won march john can four from its striker an to many no to.
124,nupedia was founded on march under the ownership of bomis inc a web portal company.,bomis inc a web portal company founded nupedia on march.,the first was a city of the first of the first time of the first was a former,june was founded on march under the th of his use a major river
125,notable features of the design include key dependent s boxes and a highly complex key schedule.,notable features of the design include s boxes which is a highly complex key schedule.,the first of the first time of the first and the first and the united states of the united states of the united states of the united states of the united states and the united states,while there of the home include two music s war and a few not two in.
126,the primavera is a painting by the italian renaissance painter sandro botticelli c..,painted around the primavera is a painting by the italian renaissance painter sandro botticelli.,the first is a city of the united states of the united states,the early is a two by the italian third department still still area.
127,new south wales s largest city and capital is sydney.,largest city new south wales and its capital is sydney.,it is found in the region picardie in the united states.,new south can s largest city and capital is or
128,the polymer is most often epoxy but other polymers such as polyester vinyl ester or nylon are also sometimes used.,polymers such as polyester vinylester or nylon are also sometimes used as epoxies.,the first is a city of the united states of the united states,the same is most often use but other use such as use m use or use are also ii in.
129,stands were eventually added behind each set of goals during the s and s as the ground began to be modernised.,during the s and s the ground got more modern and stands were eventually added behind each set of goals.,the first first first first first s was the first s s s s s s s s s s s s s s s s s s s s s s s s s s s s s s s s s s s s s s s s s s s s s s s s s s s s s s s s s s s s s s s s s s s s s s s s s s s s s s s s s s s s s s s s s s s s s s s s s s s s s s s s s s s s s s s s s s s s s s s s s s s s s s s s s s s s s s s s s s s s s s s s s s s s s s s s s s s s s s s s s s s s s s s s s s s s s s s s s s s s s s s s s s s s s s s s s s s s s s s s s s s s s s s s s s s s s s s s s s s s s s s s s s s s s s s s s s s s s s s s s s s s s,ndash were under is derived their area of albert during the s and s as the southern began to be time.
130,a bastion on the eastern approaches was built later.,later a bastion was built on the eastern approaches.,a city of the first was also was a city,a small on the only still was built
131,events europe july battle of stiklestad lrb norway rrb olav haraldsson loses to his pagan vassals and is killed in the battle.,among events that happened in europe on july. was the battle of stiklesstand in norway in which olav haraldsson lost his pagan subjects and his life.,the first is a city of the united states of the united states of the united states of the united states of the united states of the united states of the united states,may between for early of his lrb two rrb still still still to his america still and is major in the states.
132,others have theorized that tresca was eliminated by the nkvd as retribution for criticism of the stalin regime of the soviet union.,others have made theories that tresca was took away by the nkvd as retribution for views put forward as to errors of the stalin system of things of the soviet union.,the first was the first was the first of the united states of the united states of the united states of the united states of the united states of the united states,district have still that there was southern by the use as use for use of the great at of the second season.
133,schuschnigg immediately responded publicly that reports of riots were false.,schuschnigg responded publicly that reports of riots were false.,the first first first first was a city of the united states of the united states of the united states,his some his father that river of his were march.
134,depending on the context another closely related meaning of constituent is that of a citizen residing in the area governed represented or otherwise served by a politician sometimes this is restricted to citizens who elected the politician.,based on the given situation one more nearest meaning of constituent would be a citizen residing in the area governed represented or otherwise served by a politician at times this is limited to the citizens who elected the politician.,the first is the first of the united states of the united states of the united states of the united states of the united states of the united states of the united states,ndash on the australian while two s also of southwestern is that of a use still in the area government very or major s by a series ii this is music to her who two the area
135,wario land the wario land series is a platforming series that started with wario land super mario land a spin off of the super mario land series.,the platform series wario land from the wario land series stared with the super mario land series.,the first was a city of the united states of the united states of the united states of the united states of the united states,this was the early was series is a use series that there with music was named not was a member who of the national not was
136,these attacks may have been psychological in origin rather than physical.,these attacks may have been psychological in origin not physical.,it is found in the region picardie in the united states.,his anne may have been still in picardie was than in.
137,furthermore spectroscopic studies have shown evidence of hydrated minerals and silicates which indicate rather a stony surface composition.,furthermore spectroscopic studies have shown proof of hydrated minerals and silicates which points to rather a stony surface material.,it is a city of the united states of the united states of the united states,saint such as have during for of music became and music which county july a use or in.
138,she became the authoritative editor of her husband s works for breitkopf und h rtel.,she became the editor of her husband s works for breitkopf und hartel.,the first was the first of the first s was a city of the united states of the united states,she became the use river of her husband s became for use two one of
139,mercury is similar in appearance to the moon it is heavily cratered with regions of smooth plains has no natural satellites and no substantial atmosphere.,mercury is similar in appearance to the moon with heavily cratered regions of smooth plains and no natural satellites or substantial atmosphere.,it is found in the region picardie in the united states of the united states of the united states of the united states,this is its in part to the third it is an old with south of people music has not an old and no
140,geography the town lies in the limmat valley between baden and z rich.,geographically the town lies in the limmat valley between baden and zurich.,the first is the united states of the united states of the united states of the united states of the united states of the united states of the united states,ndash the town some in the great government between old and anna of
141,these ideally provide excellent habitat for chinkara hog deer and blue bull.,ideally these make an excellent breeding ground for chinkara hog deer and blue bull.,the first first first was a small are not,his still before found when for his first only and music river.
142,after the sena dynasty dhaka was successively ruled by the turkish and afghan governors descending from the delhi sultanate before the arrival of the mughals in.,before the mughals arrived in after the sena dynasty dhaka was ruled for a long time by turkish and afghan governors that descended from the delhi sultanate.,the first was the first was the first of the first and the first of the united states of the united states of the united states of the united states of the united states of the united states,after the great it was was southern by by the great and still still several from the great its before the great of the great in.
143,for rowling this scene is important because it shows harry s bravery and by retrieving cedric s corpse he demonstrates selflessness and compassion.,for rowling this incident is important becaus it shows harry s courage and by regaining cedric d corpse he establishes no concern for oneself and sympathy.,the first is a city of the united states and the united states and the united states,for no this music is a major it who than s fifth and by his father s music he not music and construction.
144,on june he and fellow raf members jan carl raspe and holger meins were apprehended after a lengthy shootout in frankfurt.,he and fellow raf members jan carl raspe and holger meins were taken hold after a lengthy shootout. it was in frankfurt on june.,in the first and was a city of the first and the first time of the first and a large,on june he and july still was first just his and his father were his after a public his in london.
145,together they formed new music manchester a group committed to contemporary music.,they formed the new music manchester band and sang contemporary,it is a city of the united states of the united states,can they he new music have a group not to no in.
146,the compact and intense hurricane caused extreme damage in the upper florida keys as a storm surge of approximately to feet affected the region.,small but intense the hurricane caused a lot of damage in the upper florida keys when a surge of nearly to feet hit the area.,the first first first first first was a city of the first and the united states of the united states of the united states of the united states of the united states of the united states of the united states of the united states,the basse and doctoral hurricane six was founded in the largest river old as a storm river of professional to when him the region.
147,it is now the site of meher baba s samadhi lrb tomb shrine rrb as well as facilities and accommodations for pilgrims.,it is now the meher baba s tomb shrine and a place for pilgrims.,it is the united states of the united states of the united states of the united states and the united states,it is no the great of music still s old lrb born developed rrb as well as considered and still for america
148,salem is a city in essex county massachusetts united states.,salem is a city in essex county massachusetts.,it is found in the region picardie in the region picardie in the region picardie in the region picardie in the region picardie in the region picardie in the region picardie in the region picardie in the region picardie in the region picardie in the region picardie in the region picardie in the region picardie in the region picardie in the region picardie in the region picardie in the region picardie in the region picardie in the region picardie in the region picardie in the region picardie in the region picardie in the region picardie in the region picardie in the region picardie in the region picardie in the region picardie in the region picardie in the region picardie in the region picardie in the region picardie in the region picardie in the region picardie in the region picardie in the region picardie in the region picardie in the region picardie in the region picardie in the region picardie in the region picardie in the region picardie in the region picardie in the region picardie in the region picardie in the region picardie in the region picardie in the region picardie in the region picardie in the region picardie in the region picardie in the region picardie in the region picardie in the region picardie in the region picardie in the region picardie in the region picardie in the region picardie in the region picardie in the region picardie in the region picardie in the region picardie in the region picardie in the region picardie,this is a city in northwestern county aisne united states.
149,forty nine species of pipefish and nine species of seahorse have been recorded.,forty nine species of pipefish and nine species of seahorse are recorded.,he was a city of the united states of the united states of the united states of the united states of france.,there series from of his and between saint of music have been
150,therefore these pdfs can not be distributed without further manipulation if they contain images.,if any of these pdfs contain pictures then they require additional processing before they can be issued,a small can be a former brazilian for the united states,between his so can not be music than including can any they major march.
151,heavy rain fell across portions of britain on october causing localized accumulation of flood waters.,heavy rain fell across britain on october causing accumulation of flood waters.,he also known as a city of the united states of the united states of the united states of the united states of the united states of the united states of the united states of the united states of the united states of the united states of the united states of the united states of the united states,two team during an english of france on october black war such of as series.
152,ohio state s library system encompasses twenty one libraries located on its columbus campus.,ohio state s library system has twenty one libraries located on its campus.,the first first first first first first first was a city of the united states in the united states of the united states of the united states of the united states,this state s where that there four one considered located on its role in.
153,in other developments both iceland and greenland accepted the overlordship of norway but scotland was able to repulse a norse invasion and broker a favorable peace settlement.,both iceland and greenland accepted the ruler of norway but scotland was able to prevent a norwegian invasion and a negotiate a peace settlement.,in the first was a city of the first of the first time was a large,in other his both still and national did the next of two but february was replaced to use a co well and his a use like in.
154,the singles from the album included by the way the zephyr song ca n t stop dosed and universally speaking.,some singles from the album are by the way the zephyr song ca n t stop dosed and universally speaking.,the first is the first s s s s s s s s s s s s s s s s s s s s s s s s s s s s s s s s s s s s s s s s s s s s s s s s s s s s s s s s s s s s s s s s s s s s s s s s s s s s s s s s s s s s s s s s s s s s s s s s s s s s s s s s s s s s s s s s s s s s s s s s s s s s s s s s s s s s s s s s s s s s s s s s s s s s s s s s s s s s s s s s s s s s s s s s s s s s s s s s s s s s s s s s s s s s s s s s s s s s s s s s s s s s s s s s s s s s s s s s s s s s s s s s s s s s s s s s s s s s s s s s s s s s s s s s s s,the great from the storm district by the way the great and thus n t group before and greece in.
155,in april minix became free open source software under a permissive free software licence but by this time other operating systems had surpassed its capabilities and it remained primarily an operating system for students and hobbyists.,in april minix became free or open source software under a non restrictive free software licence but by this time other operating systems had exceeded its capabilities and it continued to be mainly an operating system for students and hobbyists.,in the first was a city of the united states of the united states of the united states of the united states and the united states and the united states,in april still became when not also and are a use since and next but by this time other first made had music its use and it district family an first that for their and construction.
156,the body color varies from medium brown to gold ish to beige white and occasionally is marked with dark brown spots especially on the limbs.,the body color varies from medium brown to goldish to beige white and sometimes is marked with dark brown spots.,the first is the first of the united states of the united states and the united states of the united states,the only can no from professional just to when such to her two and would is three with based be no made on the region.
157,the latter provided audiences with the sort of information later provided by intertitles and can help historians imagine what the film may have been like.,the latter which gave audiences the same sort of information later audience members would gett from subtitles can help historians imagine what the film may have been like.,the first was also known as the first time of the first and the first and the first and the united states of the united states of the united states of the united states,the district language such with the next of st two and by its and can early such such such the film may have been march.
158,that is because real estate businesses and other assets in the underground economies of the third world can not be used as collateral to raise capital to finance industrial and commercial expansion.,that is beacuase real estate businesses and other assets in the underground economies of the third world can not be used as collateral to raise capital.,the first is a city of the united states in the united states of the united states and the united states and the united states of the united states and the united states,that is not and still considered and other use in the sarthe still of the third world can not be used as or to use capital to london not and as to.
159,ned and dan advanced to the police camp ordering them to surrender.,ned and dan told by the police to surrender.,the first was also to the first and the first to be to be to the united states,most and his february to the southern mostly still them to london
160,a mutant is a type of fictional character that appears in comic books published by marvel comics.,mutants are fictional characters from the x men comic books published by marvel.,a is a commune. it is found in the region picardie in the region picardie in the united states.,a small is a commune of her was that there in picardy during largest by use series.
161,the sat reasoning test lrb formerly scholastic aptitude test and scholastic assessment test rrb is a standardized test for college admissions in the united states.,the sat is a standardized test for college admissions in the united states.,the first is a city of the united states of the united states of the united states of the united states in the united states,the next still still lrb formerly still still still and his use use rrb is a use his for an early in the united states.
162,some reports read that various factors increase the likelihood of both paralysis and hallucinations.,some reports said that various things make it more possible to have paralysis and hallucinations.,the first is the united states of the united states of the united states of the united states of the united states of the united states,some use like that two between there the same of both use and kerala.
163,his sentence was transportation to australia for seven years.,his sentence was carried to australia for seven years.,the first was also to be to be made to be made to be made by the united states,his early was founded to music for as
164,her notorious friendship with the russian mystic grigori rasputin was also an important factor in her life.,her well known relation with the russian mystic grigori rasputin was additionaly an important number in her life.,the first was a city of the first was a city of the united states in the united states of the united states of the united states of the united states,her still before with the english little record his was also an important video in her in.
165,the term dorsal refers to anatomical structures that are either situated toward or grow off that side of an animal.,the word dorsal means any body part that grows off that side of an animal or that grows toward that side of an animal.,the first first is a city of the united states of the united states of the united states of the united states,the term still his to while at that are including can be or it who that that of an occitania.
166,the term protein itself was coined by berzelius after mulder observed that all proteins seemed to have the same empirical formula and might be composed of a single type of lrb very large rrb molecule.,the term protein was made by berzelius after mulder,the first was also was a city of the united states of the united states of the united states of the united states of the united states of the united states of the united states,the term very still was still by his after his reign that all not won to have the same music no and then be which of a few between of lrb many large rrb series.
167,after the jerilderie raid the gang laid low for months evading capture.,after the jerilderie raid the gang laid low for months.,the first was the first first first was the first first s s s s s s s s s was the first s s s s s s s s s s s s s s s s s s s s s s s s s s s s s was a new york the first to the first to the first to the first s s s s s s s s s s s s s s s s s s s s s s s s s s s s s s s s s s s s s s s s s was a new york to the first to the first to the first to the first to the first to the first to the first to the first s s s s s s s s s s s s s s s s s s s s s s s s s s s s s was the first s s s s s s s s s s s s s s s s s s s s s s s s s s s s s s s s s s s s s s s s s s s s s s s s s s s s s was the first to the first to the first to the first to the first s s s s s s s s s s s s s s s s s s s,after the use district the country parliament well for southern old times.
168,in an extension was added curving north from union station below university avenue and queen s park to near bloor street where it turned west to terminate at st. george and bloor streets.,an extension was added in which curved north from union station below university avenue and queens park reaching nearly to bloor street and ending on the west side at st. george and bloor streets.,in the first was also known as the first time of the first time in the first time of the first time of the first time in the united states and the united states of the united states of the united states of the united states of the united states of the united states of the united states,in an number was include still north from london only would university which and english s also to three old when where it is their to use at she while and his time.
169,it is located on an old portage trail which led west through the mountains to unalakleet.,it s near an old portage trail that led west to unalakleet through the mountains.,it is the united states of the united states of the united states,it is located on an old there still which south their through the following to london
170,people with cardiomyopathy are often at risk of arrhythmia or sudden cardiac death or both.,arrhythmia or heart beat disorder and sudden cardiac arrest are often associated with cardiomyopathy. cardiomyopathy is deterioration of heart muscle and persons with this disease may subject to arrhythmia or sudden cardiac arrest. sometimes both may happen at once.,in the first time of a city of the united states of the united states,people with its are often at or of music or his father death or march.
171,as the largest sub region in mesoamerica it encompassed a vast and varied landscape from the mountainous regions of the sierra madre to the semi arid plains of northern yucat n.,as the largest sub region in mesoamerica it is a vast and varied landscape from the mountainous regions of the sierra madre to the plains of yucatan.,the first is a city of the united states of the united states of the united states of the united states of the united states of the united states of the united states,as the largest while region in use it george a commune and then people from the southern area of the great its to the third old old of the great
172,google subsequently made the comic available on google books and their site and mentioned it on its official blog along with an explanation for the early release.,google made the comic available on google books mentioned it on their blog explaining the early release.,the first first was the first first first and the first was also on the first and the first and the first and the united states of the united states of the united states,this river made the famous still on its and and their only and group it on its was founded along with an third for the early in.
173,the book political economy was published in but had limited classroom adoption.,the book political economy was published in but was not used in many classrooms.,the first first was also in the first s s s s s s s s s s s s s s s s s s s s s s s s s s s s s s s s s s s s s s s s was also in the first s s s s s s s s s s s s s s s s s s s s s s s s s s s s s s s s s s s s s s s s s s s s s s s s s s s was also in the first s s s s s s s was also in the first s s s s s s s s s s s s s s s s s s s s s s s s s s s was also in the first s s s s s s s was also in the first s s s s s s s s s s s s s s s s s s s s s s s s s s s s s s s s s s s s s s s s was also in the first s s s s s s s s s s s s s s s s s s s s s s s s s s s s s s s s s s s s s s s was also in the first was,the since ndash there was called in but had re territory in.
174,he toured with the ipo in the spring of for their first ever performance in the soviet union with concerts in moscow and leningrad and toured with the ipo again in performing in china and india.,for their first ever performance in the soviet union he toured with the ipo spring from to with china and india,in the first first first first was the first was a city of the first and the first in the united states of the united states of the united states in the united states and the united states of the united states of the united states of the united states of the united states in the united states of the united states in the united states of the united states in the united states in the united states in the united states in the united states in the united states in the united states in the united states in the united states in the united states in the united states in the united states in the united states in the united states and the united states in the united states in the north of the united states and the united states and the united states in the united states in the north of the north of the north of the united states in the north of the united states in the north of the north of the north of the united states in the united states in the north of the united states in the north of the north of the north of the united states in the north of the north of the north of the united states in the north of the united states in the north of the north of the north of the united states in the united states in the united states and the united states in the north of,he began with the great in the same of for their first three was in the second storm with created in great and thus and thus with the great george in southwestern in her and france.
175,napoleonic wars austrian general mack surrenders his army to the grand army of napoleon at ulm reaping napoleon over prisoners and inflicting casualties on the losers.,austrian general mack surrenders his army to grand army of napoleon at ulm.,the first first first first first first was a city of the first time in the first time of the first s was a new york of the united states of the united states of the first time,several other released there still would his of to the first of of no at his old no over several and his old on the hume
176,it has long been the economic centre of northern nigeria and a centre for the production and export of groundnuts.,it has long been the economic centre of norther nigeria along with the center for production and export of groundnuts.,it is the united states of the united states of the united states of the united states of the united states of the united states of the united states of the united states,it has one been the sixth would of northern still and a member for the great and parliament of goulburn
177,a majority of south indians speak one of the five dravidian languages kannada malayalam tamil telugu and tulu.,most south indians speak one of the five dravidian languages kannada malayalam tamil telugu and tulu.,a city of the united states of the united states of the united states of the united states of the united states of the united states of the united states of the united states of the united states,a result of south western n one of the town use two use use government use and mass.
178,meteora earned the band multiple awards and honors., meteora won many awards and honors for the band.,the first was the first and the first s s s s s s s s s s s s s s s s s s s s s s s s s s s s s s s s s s s s s s s s s s s s s s s s s s s s s s s s s s s s s s s s s s s s s s s s s s s s s s s s s s s s s s s s s s s s s s s s s s s s s s s s s s s s s s s s s s s s s s s s s s s s s s s s s s s s s s s s s s s s s s s s s s s s s s s s s s s s s s s s s s s s s s s s s s s s s s s s s s s s s s s s s s s s s s s s s s s s s s s s s s s s s s s s s s s s s s s s s s s s s s s s s s s s s s s s s s s s s s s s s s s s s s s,according had the band would was and drawings.
179,in the th century slavs started to move into the area.,in the th century slaves started to move in the area.,in the first first first was the first s was the united states of the united states of the united states of the united states of the united states,in the th century district d to bring into the states.
180,winchester is a city in scott county illinois united states.,winchester is a city located in scott county illinois united states,it is found in the region picardie in the region picardie in the region picardie in the region picardie in the region picardie in the region picardie in the region picardie in the region picardie in the region picardie in the region picardie in the region picardie in the region picardie in the region picardie in the region picardie in the region picardie in the region picardie in the region picardie in the region picardie in the region picardie in the region picardie in the region picardie in the region picardie in the region picardie in the region picardie in the region picardie in the region picardie in the region picardie in the region picardie in the region picardie in the region picardie in the region picardie in the region picardie in the region picardie in the region picardie in the region picardie in the region picardie in the region picardie in the region picardie in the region picardie in the region picardie in the region picardie in the region picardie in the united states.,this is a city in northwestern county iowa united states.
181,out of participants in the national casting she was chosen among the candidates to appear on the tv show.,out of participants in the national casting and it was selected the candidates to appear on the tv show.,the first was in the first first was the united states of the united states of the united states of the united states of the united states of the united states,out of its in the national old she was replaced george the two to form on the district france.
182,the latter device can then be designed and used in less stringent environments.,the device can be designed for use in less exact environments.,the first was a city of the united states in the united states,the district include can then be two and used in her use march.
183,gimnasia hired first famed colombian trainer francisco maturana and then julio c sar falcioni but both had limited success.,gimnasia hired francisco maturana a columbian trainer and then julio c sar falcioni but they were not very successful.,he also known as the first time as a former brazilian,she february first she includes his father his and then his national music his but an had under in.
184,brighton is a city in washington county iowa united states.,brighton is a city in washington county iowa.,it is found in the region picardie in the region picardie in the region picardie in the region picardie in the region picardie in the region picardie in the region picardie in the region picardie in the united states.,saint is a city in aquitaine county iowa united states.
185,pauline returned in the game boy remake of donkey kong in and later mario vs. donkey kong march of the minis in although the character is now described as mario s friend.,pauline turned in the game boy remake of donkey kong in and later mario vs. donkey kong march of the minis in even though the character is now mario s friend.,the first is the first of the united states of the united states of the united states of the united states in the united states of the united states of the united states,this only in the game striker is of music can in and two famous who still can march of the use in his the department is an american as not s season.
186,his real date of birth was never recorded but it is believed to be a date between and.,since his actual date of birth was not recorded it is believed to be between.,the first is a city of the united states of the united states of a former,his career between of which was released river but it is an to be a small between to.
187,this quantitative measure indicates how much of a particular drug or other substance lrb inhibitor rrb is needed to inhibit a given biological process lrb or component of a process i.e. an enzyme cell cell receptor or microorganism rrb by half.,this quantitative measure indicates how much of a drug or other substance is needed to inhibit a biological process by half.,the first is a city of the united states of the united states of the united states of the united states of the united states of the united states,this not still november km lrb of a retired use or other two lrb born rrb is between to use a japanese ii early lrb or n of a central between an use like can use or use rrb by to.
188,there he had one daughter later baptized as mary ann fisher power to ann lrb e rrb power.,he had one daughter named mary ann fisher power who was later baptized to ann lrb e rrb power.,the first was a city of the first time of the first time in the first time,there he had one league two music as pulau lrb born between to be lrb both rrb in.
189,during an interview edward gorey mentioned that bawden was one of his favorite artists lamenting the fact that not many people remembered or knew about this fine artist.,during an interview edward gorey said that bawden was one of his favorite artists and is saddened by the fact that not many people remembered or knew about this fine artist.,the first is a city of the united states of the united states of the united states of the united states,during an several pulau usually history that there was one of his like team usually the great that not many
190,gable also earned an academy award nomination when he portrayed fletcher christian in s mutiny on the bounty.,gable also earned an academy award nomination for his portrayal of fletcher christian in the film mutiny on the bounty.,he was a city of the first s s s s s s s s s s s s s s s s s s s s s s s s s s s s s s s s s s s s s s s s s s s s s s s s s s s s s s s s s s s s s s s s s s s s s s s s s s s s s s s s s s s s s s s s s s s s s s s s s was a new york was a new york in the first s s s s s s s s s s s s s s s s s s s s s s s s s s s s s s s s s s s s s s s s s s s s s s s s s s s s s s s s s s s s s s s s s s s s s s s s s s s s s s s s s s s s s s s s s s s s s s s s s s s s s s s s s s s s s s s s s s s s s s s s s s s s s s s s s s s s s s s s s s s s,his also would an two series park when he was still lrb in s province on the season.
